Params;MeanMAE;MeanR2
{'activation': 'logistic', 'alpha': 0.0005, 'hidden_layer_sizes': (8, 16, 32, 16, 8), 'max_iter': 2000, 'solver': 'adam'};0.42364543605025917;-0.16352787174828073
{'activation': 'logistic', 'alpha': 0.0001, 'hidden_layer_sizes': (32, 64, 128, 64, 32), 'max_iter': 1000, 'solver': 'sgd'};0.8191211889321648;-0.005044012809843368
{'activation': 'logistic', 'alpha': 0.0001, 'hidden_layer_sizes': (32, 64, 128, 64, 32), 'max_iter': 2000, 'solver': 'sgd'};0.8183215531265947;-0.004829349536213989
{'activation': 'logistic', 'alpha': 5e-05, 'hidden_layer_sizes': (15, 27, 40, 31, 12), 'max_iter': 1000, 'solver': 'sgd'};0.8172886405263095;-0.004822872466930495
{'activation': 'logistic', 'alpha': 0.0005, 'hidden_layer_sizes': (32, 64, 128, 64, 32), 'max_iter': 2000, 'solver': 'sgd'};0.8151782826464128;-0.004760091383221354
{'activation': 'logistic', 'alpha': 5e-05, 'hidden_layer_sizes': (32, 64, 128, 64, 32), 'max_iter': 2000, 'solver': 'sgd'};0.8151942210872264;-0.0045175444895097835
{'activation': 'logistic', 'alpha': 0.0005, 'hidden_layer_sizes': (15, 27, 40, 31, 12), 'max_iter': 1000, 'solver': 'sgd'};0.8163407957550552;-0.0044498972414027445
{'activation': 'logistic', 'alpha': 0.0001, 'hidden_layer_sizes': (8, 16, 32, 16, 8), 'max_iter': 2000, 'solver': 'sgd'};0.8166504592253847;-0.004420240869442571
{'activation': 'logistic', 'alpha': 5e-05, 'hidden_layer_sizes': (15, 27, 40, 31, 12), 'max_iter': 2000, 'solver': 'sgd'};0.8173917748727713;-0.004409025492014074
{'activation': 'logistic', 'alpha': 0.0005, 'hidden_layer_sizes': (8, 16, 32, 16, 8), 'max_iter': 2000, 'solver': 'sgd'};0.8171983965097309;-0.004309349492971482
{'activation': 'logistic', 'alpha': 0.0001, 'hidden_layer_sizes': (15, 27, 40, 31, 12), 'max_iter': 1000, 'solver': 'sgd'};0.8181030327483153;-0.004266725832498786
{'activation': 'logistic', 'alpha': 0.0005, 'hidden_layer_sizes': (15, 27, 40, 31, 12), 'max_iter': 2000, 'solver': 'sgd'};0.8166639213109856;-0.0041574463630406734
{'activation': 'logistic', 'alpha': 0.0001, 'hidden_layer_sizes': (8, 16, 32, 16, 8), 'max_iter': 1000, 'solver': 'sgd'};0.8169452133505672;-0.00413747253862864
{'activation': 'logistic', 'alpha': 0.0005, 'hidden_layer_sizes': (8, 16, 32, 16, 8), 'max_iter': 1000, 'solver': 'sgd'};0.8167120639742192;-0.0040477877552271835
{'activation': 'logistic', 'alpha': 5e-05, 'hidden_layer_sizes': (8, 16, 32, 16, 8), 'max_iter': 1000, 'solver': 'sgd'};0.8163805320836636;-0.0040451703670694615
{'activation': 'logistic', 'alpha': 0.0001, 'hidden_layer_sizes': (32, 64, 32), 'max_iter': 1000, 'solver': 'sgd'};0.818494875889711;-0.0039707757424132465
{'activation': 'logistic', 'alpha': 0.0001, 'hidden_layer_sizes': (15, 27, 40, 31, 12), 'max_iter': 2000, 'solver': 'sgd'};0.8171099445212494;-0.0039541789150524306
{'activation': 'logistic', 'alpha': 0.0001, 'hidden_layer_sizes': (32, 64, 32), 'max_iter': 2000, 'solver': 'sgd'};0.8164782795896569;-0.003907203654846203
{'activation': 'logistic', 'alpha': 5e-05, 'hidden_layer_sizes': (8, 16, 32, 16, 8), 'max_iter': 2000, 'solver': 'sgd'};0.8168897012672736;-0.0038815930218011998
{'activation': 'logistic', 'alpha': 0.0005, 'hidden_layer_sizes': (32, 64, 32), 'max_iter': 2000, 'solver': 'sgd'};0.8163495230914073;-0.003787675786973388
{'activation': 'logistic', 'alpha': 5e-05, 'hidden_layer_sizes': (32, 64, 128, 64, 32), 'max_iter': 1000, 'solver': 'sgd'};0.817043652973999;-0.0037247077842781804
{'activation': 'logistic', 'alpha': 0.0005, 'hidden_layer_sizes': (32, 64, 128, 64, 32), 'max_iter': 1000, 'solver': 'sgd'};0.8163099875414073;-0.003572818247615528
{'activation': 'logistic', 'alpha': 0.0001, 'hidden_layer_sizes': (64, 128, 64), 'max_iter': 1000, 'solver': 'sgd'};0.8203819746992561;-0.003300616137371781
{'activation': 'logistic', 'alpha': 5e-05, 'hidden_layer_sizes': (32, 64, 32), 'max_iter': 2000, 'solver': 'sgd'};0.8158472280397652;-0.0031269768706104093
{'activation': 'logistic', 'alpha': 5e-05, 'hidden_layer_sizes': (32, 64, 32), 'max_iter': 1000, 'solver': 'sgd'};0.8166823362776418;-0.0030701379135578133
{'activation': 'logistic', 'alpha': 0.0005, 'hidden_layer_sizes': (32, 64, 32), 'max_iter': 1000, 'solver': 'sgd'};0.8138520060880806;-0.0029237017427928167
{'activation': 'logistic', 'alpha': 0.0001, 'hidden_layer_sizes': (64, 128, 64), 'max_iter': 2000, 'solver': 'sgd'};0.8135641700586858;-0.0009864066956074113
{'activation': 'logistic', 'alpha': 5e-05, 'hidden_layer_sizes': (8, 16, 32, 16, 8), 'max_iter': 2000, 'solver': 'adam'};0.31822704815269065;0.1299668527430758
{'activation': 'logistic', 'alpha': 0.0005, 'hidden_layer_sizes': (64, 128, 64), 'max_iter': 1000, 'solver': 'sgd'};0.7081322528377798;0.17506386289019216
{'activation': 'logistic', 'alpha': 5e-05, 'hidden_layer_sizes': (64, 128, 64), 'max_iter': 2000, 'solver': 'sgd'};0.6980321707893835;0.18006843861547212
{'activation': 'identity', 'alpha': 0.0005, 'hidden_layer_sizes': (8, 16, 32, 16, 8), 'max_iter': 2000, 'solver': 'adam'};0.502663023184585;0.3387863316634318
{'activation': 'identity', 'alpha': 0.0005, 'hidden_layer_sizes': (32, 64, 128, 64, 32), 'max_iter': 1000, 'solver': 'sgd'};0.44103261055135146;0.3472138090433182
{'activation': 'identity', 'alpha': 5e-05, 'hidden_layer_sizes': (15, 27, 40, 31, 12), 'max_iter': 2000, 'solver': 'sgd'};0.4073244623498103;0.38032225945575815
{'activation': 'logistic', 'alpha': 0.0005, 'hidden_layer_sizes': (15, 27, 40, 31, 12), 'max_iter': 2000, 'solver': 'adam'};0.27273029502279134;0.3806210907618063
{'activation': 'identity', 'alpha': 0.0005, 'hidden_layer_sizes': (32, 64, 32), 'max_iter': 2000, 'solver': 'sgd'};0.445489955719522;0.41163617295579985
{'activation': 'identity', 'alpha': 5e-05, 'hidden_layer_sizes': (15, 27, 40, 31, 12), 'max_iter': 1000, 'solver': 'sgd'};0.40882515585936663;0.4312364969022996
{'activation': 'logistic', 'alpha': 0.0001, 'hidden_layer_sizes': (32, 64, 32), 'max_iter': 2000, 'solver': 'adam'};0.2635727154525617;0.4834642597594834
{'activation': 'logistic', 'alpha': 5e-05, 'hidden_layer_sizes': (64, 128, 64), 'max_iter': 1000, 'solver': 'sgd'};0.4678928334357554;0.5170307453487092
{'activation': 'identity', 'alpha': 0.0001, 'hidden_layer_sizes': (64, 128, 64), 'max_iter': 2000, 'solver': 'sgd'};0.3554431650478697;0.5224201269407929
{'activation': 'logistic', 'alpha': 0.0001, 'hidden_layer_sizes': (15, 27, 40, 31, 12), 'max_iter': 1000, 'solver': 'adam'};0.26842766167079607;0.5327208706345619
{'activation': 'logistic', 'alpha': 0.0005, 'hidden_layer_sizes': (64, 128, 64), 'max_iter': 2000, 'solver': 'sgd'};0.4427599169038993;0.5328651657649125
{'activation': 'identity', 'alpha': 0.0005, 'hidden_layer_sizes': (15, 27, 40, 31, 12), 'max_iter': 2000, 'solver': 'sgd'};0.3581608663851889;0.5380601217629415
{'activation': 'logistic', 'alpha': 0.0005, 'hidden_layer_sizes': (15, 27, 40, 31, 12), 'max_iter': 1000, 'solver': 'adam'};0.2655156652309351;0.5573594725308425
{'activation': 'identity', 'alpha': 5e-05, 'hidden_layer_sizes': (32, 64, 32), 'max_iter': 1000, 'solver': 'sgd'};0.4005660764006853;0.5689128173204414
{'activation': 'logistic', 'alpha': 0.0001, 'hidden_layer_sizes': (8, 16, 32, 16, 8), 'max_iter': 2000, 'solver': 'adam'};0.2633984736935641;0.5697515696487637
{'activation': 'identity', 'alpha': 5e-05, 'hidden_layer_sizes': (32, 64, 128, 64, 32), 'max_iter': 2000, 'solver': 'sgd'};0.37259408721872384;0.5713252115924795
{'activation': 'identity', 'alpha': 5e-05, 'hidden_layer_sizes': (32, 64, 32), 'max_iter': 2000, 'solver': 'sgd'};0.4007848897971341;0.5763248797654205
{'activation': 'logistic', 'alpha': 0.0005, 'hidden_layer_sizes': (32, 64, 128, 64, 32), 'max_iter': 1000, 'solver': 'adam'};0.26501614578115185;0.5766812024468988
{'activation': 'logistic', 'alpha': 5e-05, 'hidden_layer_sizes': (15, 27, 40, 31, 12), 'max_iter': 1000, 'solver': 'adam'};0.26107245875667806;0.5798244726284028
{'activation': 'logistic', 'alpha': 5e-05, 'hidden_layer_sizes': (15, 27, 40, 31, 12), 'max_iter': 2000, 'solver': 'adam'};0.26336916744838057;0.585971931196588
{'activation': 'identity', 'alpha': 5e-05, 'hidden_layer_sizes': (32, 64, 32), 'max_iter': 2000, 'solver': 'adam'};0.41423348900861745;0.5877167179448113
{'activation': 'identity', 'alpha': 0.0001, 'hidden_layer_sizes': (8, 16, 32, 16, 8), 'max_iter': 1000, 'solver': 'sgd'};0.3815899662620187;0.5908125469909926
{'activation': 'identity', 'alpha': 0.0005, 'hidden_layer_sizes': (15, 27, 40, 31, 12), 'max_iter': 2000, 'solver': 'adam'};0.42376808469202887;0.5927331554516481
{'activation': 'identity', 'alpha': 0.0001, 'hidden_layer_sizes': (32, 64, 128, 64, 32), 'max_iter': 2000, 'solver': 'sgd'};0.4193389416704426;0.5937318904526645
{'activation': 'logistic', 'alpha': 0.0005, 'hidden_layer_sizes': (32, 64, 32), 'max_iter': 2000, 'solver': 'adam'};0.24580694372239464;0.5950000740369855
{'activation': 'tanh', 'alpha': 0.0001, 'hidden_layer_sizes': (8, 16, 32, 16, 8), 'max_iter': 1000, 'solver': 'sgd'};0.30784269813138765;0.6064743284668659
{'activation': 'tanh', 'alpha': 0.0001, 'hidden_layer_sizes': (8, 16, 32, 16, 8), 'max_iter': 2000, 'solver': 'sgd'};0.30321276783215156;0.6084853250166924
{'activation': 'identity', 'alpha': 5e-05, 'hidden_layer_sizes': (8, 16, 32, 16, 8), 'max_iter': 1000, 'solver': 'sgd'};0.3581756872450571;0.6188277643758318
{'activation': 'identity', 'alpha': 0.0001, 'hidden_layer_sizes': (15, 27, 40, 31, 12), 'max_iter': 2000, 'solver': 'adam'};0.40816814069368945;0.6203916764024893
{'activation': 'identity', 'alpha': 0.0001, 'hidden_layer_sizes': (32, 64, 128, 64, 32), 'max_iter': 1000, 'solver': 'sgd'};0.3732114504095116;0.6217738071408604
{'activation': 'identity', 'alpha': 0.0001, 'hidden_layer_sizes': (32, 64, 32), 'max_iter': 1000, 'solver': 'sgd'};0.3622754265206699;0.6369347336685751
{'activation': 'identity', 'alpha': 0.0005, 'hidden_layer_sizes': (8, 16, 32, 16, 8), 'max_iter': 1000, 'solver': 'adam'};0.39716893852099744;0.6396662497781124
{'activation': 'logistic', 'alpha': 0.0001, 'hidden_layer_sizes': (32, 64, 32), 'max_iter': 1000, 'solver': 'adam'};0.23549753699551398;0.6420718665487872
{'activation': 'identity', 'alpha': 5e-05, 'hidden_layer_sizes': (32, 64, 128, 64, 32), 'max_iter': 1000, 'solver': 'sgd'};0.3676413952348162;0.6503728850015591
{'activation': 'identity', 'alpha': 0.0005, 'hidden_layer_sizes': (8, 16, 32, 16, 8), 'max_iter': 1000, 'solver': 'sgd'};0.36557323620704396;0.6526174395462775
{'activation': 'identity', 'alpha': 0.0005, 'hidden_layer_sizes': (64, 128, 64), 'max_iter': 2000, 'solver': 'sgd'};0.39481772220242084;0.6526575613763873
{'activation': 'identity', 'alpha': 5e-05, 'hidden_layer_sizes': (15, 27, 40, 31, 12), 'max_iter': 1000, 'solver': 'adam'};0.38604251980857235;0.6607135391947907
{'activation': 'identity', 'alpha': 0.0001, 'hidden_layer_sizes': (32, 64, 128, 64, 32), 'max_iter': 2000, 'solver': 'adam'};0.3869041837028514;0.6632757351713225
{'activation': 'logistic', 'alpha': 0.0001, 'hidden_layer_sizes': (15, 27, 40, 31, 12), 'max_iter': 2000, 'solver': 'adam'};0.24601670946273813;0.667896954950247
{'activation': 'logistic', 'alpha': 5e-05, 'hidden_layer_sizes': (32, 64, 32), 'max_iter': 2000, 'solver': 'adam'};0.24028650505350352;0.6710381244824531
{'activation': 'identity', 'alpha': 0.0005, 'hidden_layer_sizes': (64, 128, 64), 'max_iter': 1000, 'solver': 'sgd'};0.3614835302172935;0.6765619038464946
{'activation': 'identity', 'alpha': 0.0005, 'hidden_layer_sizes': (32, 64, 32), 'max_iter': 1000, 'solver': 'sgd'};0.36684396902586575;0.6841718365599914
{'activation': 'identity', 'alpha': 5e-05, 'hidden_layer_sizes': (8, 16, 32, 16, 8), 'max_iter': 1000, 'solver': 'adam'};0.381650505797229;0.6843930162722591
{'activation': 'identity', 'alpha': 5e-05, 'hidden_layer_sizes': (8, 16, 32, 16, 8), 'max_iter': 2000, 'solver': 'sgd'};0.34093979393886975;0.6850089191197577
{'activation': 'identity', 'alpha': 5e-05, 'hidden_layer_sizes': (64, 128, 64), 'max_iter': 1000, 'solver': 'sgd'};0.3620631729490212;0.6917793509305875
{'activation': 'identity', 'alpha': 5e-05, 'hidden_layer_sizes': (64, 128, 64), 'max_iter': 2000, 'solver': 'sgd'};0.34038541246848614;0.6920827491506214
{'activation': 'identity', 'alpha': 0.0005, 'hidden_layer_sizes': (15, 27, 40, 31, 12), 'max_iter': 1000, 'solver': 'adam'};0.37357912359700085;0.6940842021780584
{'activation': 'logistic', 'alpha': 0.0001, 'hidden_layer_sizes': (8, 16, 32, 16, 8), 'max_iter': 1000, 'solver': 'adam'};0.23788881665949146;0.6964391797208932
{'activation': 'identity', 'alpha': 0.0001, 'hidden_layer_sizes': (15, 27, 40, 31, 12), 'max_iter': 1000, 'solver': 'sgd'};0.35218851089967157;0.700068136640777
{'activation': 'tanh', 'alpha': 0.0005, 'hidden_layer_sizes': (8, 16, 32, 16, 8), 'max_iter': 1000, 'solver': 'adam'};0.24455871578166705;0.7014040846856752
{'activation': 'identity', 'alpha': 0.0001, 'hidden_layer_sizes': (64, 128, 64), 'max_iter': 1000, 'solver': 'sgd'};0.36120908945350394;0.7021222365953703
{'activation': 'identity', 'alpha': 0.0005, 'hidden_layer_sizes': (8, 16, 32, 16, 8), 'max_iter': 2000, 'solver': 'sgd'};0.3607625799546462;0.702244553166656
{'activation': 'identity', 'alpha': 0.0001, 'hidden_layer_sizes': (8, 16, 32, 16, 8), 'max_iter': 2000, 'solver': 'sgd'};0.3651892849279034;0.7027376462482293
{'activation': 'identity', 'alpha': 0.0005, 'hidden_layer_sizes': (32, 64, 128, 64, 32), 'max_iter': 2000, 'solver': 'sgd'};0.3507793370732745;0.7032917635686802
{'activation': 'identity', 'alpha': 0.0001, 'hidden_layer_sizes': (15, 27, 40, 31, 12), 'max_iter': 2000, 'solver': 'sgd'};0.3617861566363182;0.703834777264141
{'activation': 'identity', 'alpha': 0.0001, 'hidden_layer_sizes': (32, 64, 32), 'max_iter': 2000, 'solver': 'sgd'};0.3556688308242658;0.705853121888049
{'activation': 'logistic', 'alpha': 5e-05, 'hidden_layer_sizes': (8, 16, 32, 16, 8), 'max_iter': 1000, 'solver': 'adam'};0.23493634540054714;0.7094425567128076
{'activation': 'identity', 'alpha': 5e-05, 'hidden_layer_sizes': (32, 64, 128, 64, 32), 'max_iter': 1000, 'solver': 'adam'};0.3658078266344976;0.7107676668465504
{'activation': 'identity', 'alpha': 0.0001, 'hidden_layer_sizes': (8, 16, 32, 16, 8), 'max_iter': 2000, 'solver': 'adam'};0.34945563204338514;0.7118832651822051
{'activation': 'logistic', 'alpha': 5e-05, 'hidden_layer_sizes': (32, 64, 32), 'max_iter': 1000, 'solver': 'adam'};0.2267974252121447;0.7127880056316094
{'activation': 'identity', 'alpha': 0.0001, 'hidden_layer_sizes': (32, 64, 128, 64, 32), 'max_iter': 1000, 'solver': 'adam'};0.3648733616633605;0.7135828494306804
{'activation': 'identity', 'alpha': 5e-05, 'hidden_layer_sizes': (64, 128, 64), 'max_iter': 2000, 'solver': 'adam'};0.36209213787266636;0.7151721828210461
{'activation': 'logistic', 'alpha': 0.0005, 'hidden_layer_sizes': (8, 16, 32, 16, 8), 'max_iter': 1000, 'solver': 'adam'};0.23460690074429164;0.717450342299148
{'activation': 'identity', 'alpha': 5e-05, 'hidden_layer_sizes': (64, 128, 64), 'max_iter': 1000, 'solver': 'adam'};0.36281460973599267;0.718423163662006
{'activation': 'identity', 'alpha': 0.0001, 'hidden_layer_sizes': (32, 64, 32), 'max_iter': 2000, 'solver': 'adam'};0.361423260524088;0.7187658057104283
{'activation': 'relu', 'alpha': 5e-05, 'hidden_layer_sizes': (8, 16, 32, 16, 8), 'max_iter': 2000, 'solver': 'sgd'};0.26210225488554506;0.7209859523208667
{'activation': 'identity', 'alpha': 0.0001, 'hidden_layer_sizes': (8, 16, 32, 16, 8), 'max_iter': 1000, 'solver': 'adam'};0.35442155160139444;0.7233755334923929
{'activation': 'identity', 'alpha': 0.0001, 'hidden_layer_sizes': (15, 27, 40, 31, 12), 'max_iter': 1000, 'solver': 'adam'};0.3389739283740489;0.7255198076810491
{'activation': 'identity', 'alpha': 0.0005, 'hidden_layer_sizes': (64, 128, 64), 'max_iter': 2000, 'solver': 'adam'};0.34955815802077017;0.734455273539078
{'activation': 'tanh', 'alpha': 0.0005, 'hidden_layer_sizes': (15, 27, 40, 31, 12), 'max_iter': 1000, 'solver': 'sgd'};0.2412984233933489;0.7348189008773495
{'activation': 'identity', 'alpha': 0.0005, 'hidden_layer_sizes': (32, 64, 32), 'max_iter': 2000, 'solver': 'adam'};0.34708295642813797;0.7358889476766618
{'activation': 'identity', 'alpha': 0.0005, 'hidden_layer_sizes': (15, 27, 40, 31, 12), 'max_iter': 1000, 'solver': 'sgd'};0.34836089649011537;0.7365504198548674
{'activation': 'identity', 'alpha': 0.0001, 'hidden_layer_sizes': (64, 128, 64), 'max_iter': 1000, 'solver': 'adam'};0.3485235881231606;0.7367041950533537
{'activation': 'identity', 'alpha': 0.0005, 'hidden_layer_sizes': (32, 64, 128, 64, 32), 'max_iter': 1000, 'solver': 'adam'};0.34324421595826576;0.7407672986217079
{'activation': 'identity', 'alpha': 0.0005, 'hidden_layer_sizes': (32, 64, 128, 64, 32), 'max_iter': 2000, 'solver': 'adam'};0.3437112038400319;0.7408102136429815
{'activation': 'identity', 'alpha': 5e-05, 'hidden_layer_sizes': (15, 27, 40, 31, 12), 'max_iter': 2000, 'solver': 'adam'};0.33580686027746415;0.7428319587293944
{'activation': 'identity', 'alpha': 0.0001, 'hidden_layer_sizes': (32, 64, 32), 'max_iter': 1000, 'solver': 'adam'};0.3360213378186737;0.7447545357735281
{'activation': 'identity', 'alpha': 0.0005, 'hidden_layer_sizes': (64, 128, 64), 'max_iter': 1000, 'solver': 'adam'};0.3403403964105088;0.7450511110630217
{'activation': 'identity', 'alpha': 5e-05, 'hidden_layer_sizes': (32, 64, 32), 'max_iter': 1000, 'solver': 'adam'};0.3436168983130303;0.7458303640947099
{'activation': 'logistic', 'alpha': 0.0005, 'hidden_layer_sizes': (32, 64, 32), 'max_iter': 1000, 'solver': 'adam'};0.21268225072006955;0.7462723867610775
{'activation': 'tanh', 'alpha': 5e-05, 'hidden_layer_sizes': (32, 64, 32), 'max_iter': 1000, 'solver': 'adam'};0.2513912308426419;0.748060573795011
{'activation': 'identity', 'alpha': 0.0005, 'hidden_layer_sizes': (32, 64, 32), 'max_iter': 1000, 'solver': 'adam'};0.33690222401802233;0.7491442211619193
{'activation': 'identity', 'alpha': 0.0001, 'hidden_layer_sizes': (64, 128, 64), 'max_iter': 2000, 'solver': 'adam'};0.33429204332187445;0.7502393760504987
{'activation': 'relu', 'alpha': 0.0001, 'hidden_layer_sizes': (64, 128, 64), 'max_iter': 2000, 'solver': 'adam'};0.2106614691070408;0.7517687088331295
{'activation': 'tanh', 'alpha': 5e-05, 'hidden_layer_sizes': (32, 64, 32), 'max_iter': 1000, 'solver': 'sgd'};0.2632214276476952;0.7535590822067333
{'activation': 'identity', 'alpha': 5e-05, 'hidden_layer_sizes': (8, 16, 32, 16, 8), 'max_iter': 2000, 'solver': 'adam'};0.33633051056477675;0.7538106587091964
{'activation': 'identity', 'alpha': 5e-05, 'hidden_layer_sizes': (32, 64, 128, 64, 32), 'max_iter': 2000, 'solver': 'adam'};0.32831356510144905;0.7546401488471546
{'activation': 'relu', 'alpha': 5e-05, 'hidden_layer_sizes': (15, 27, 40, 31, 12), 'max_iter': 1000, 'solver': 'sgd'};0.2592323810814823;0.7558800115314168
{'activation': 'tanh', 'alpha': 0.0001, 'hidden_layer_sizes': (32, 64, 32), 'max_iter': 2000, 'solver': 'adam'};0.23516097153096807;0.7587786994319016
{'activation': 'logistic', 'alpha': 0.0001, 'hidden_layer_sizes': (64, 128, 64), 'max_iter': 1000, 'solver': 'adam'};0.21746262274086597;0.7649006460505047
{'activation': 'logistic', 'alpha': 5e-05, 'hidden_layer_sizes': (32, 64, 128, 64, 32), 'max_iter': 2000, 'solver': 'adam'};0.20850182498438308;0.7672158875857713
{'activation': 'logistic', 'alpha': 5e-05, 'hidden_layer_sizes': (64, 128, 64), 'max_iter': 1000, 'solver': 'adam'};0.21692769889733426;0.7672397327301089
{'activation': 'logistic', 'alpha': 0.0001, 'hidden_layer_sizes': (32, 64, 128, 64, 32), 'max_iter': 1000, 'solver': 'adam'};0.21283264127166074;0.7683892695170936
{'activation': 'relu', 'alpha': 0.0005, 'hidden_layer_sizes': (8, 16, 32, 16, 8), 'max_iter': 2000, 'solver': 'sgd'};0.20296705180558433;0.7714929263776531
{'activation': 'tanh', 'alpha': 0.0001, 'hidden_layer_sizes': (32, 64, 128, 64, 32), 'max_iter': 2000, 'solver': 'sgd'};0.24131462157081146;0.7732695477841511
{'activation': 'logistic', 'alpha': 0.0001, 'hidden_layer_sizes': (32, 64, 128, 64, 32), 'max_iter': 2000, 'solver': 'adam'};0.21075200786292894;0.7752661561926628
{'activation': 'relu', 'alpha': 0.0001, 'hidden_layer_sizes': (64, 128, 64), 'max_iter': 1000, 'solver': 'adam'};0.18614741922431272;0.7801011133173772
{'activation': 'logistic', 'alpha': 0.0005, 'hidden_layer_sizes': (32, 64, 128, 64, 32), 'max_iter': 2000, 'solver': 'adam'};0.20957651057953322;0.7806760456932634
{'activation': 'relu', 'alpha': 5e-05, 'hidden_layer_sizes': (8, 16, 32, 16, 8), 'max_iter': 1000, 'solver': 'sgd'};0.22405906392392283;0.7841948940496579
{'activation': 'tanh', 'alpha': 5e-05, 'hidden_layer_sizes': (32, 64, 32), 'max_iter': 2000, 'solver': 'adam'};0.22168309550488866;0.787032096240232
{'activation': 'relu', 'alpha': 0.0001, 'hidden_layer_sizes': (8, 16, 32, 16, 8), 'max_iter': 1000, 'solver': 'sgd'};0.23572643650835984;0.7891853469917005
{'activation': 'relu', 'alpha': 0.0001, 'hidden_layer_sizes': (15, 27, 40, 31, 12), 'max_iter': 2000, 'solver': 'adam'};0.19467866862016034;0.7892122283376339
{'activation': 'relu', 'alpha': 0.0005, 'hidden_layer_sizes': (8, 16, 32, 16, 8), 'max_iter': 1000, 'solver': 'adam'};0.19197913626172994;0.7893643658520851
{'activation': 'logistic', 'alpha': 0.0005, 'hidden_layer_sizes': (64, 128, 64), 'max_iter': 2000, 'solver': 'adam'};0.2044256403482211;0.7904419788232433
{'activation': 'relu', 'alpha': 0.0005, 'hidden_layer_sizes': (64, 128, 64), 'max_iter': 1000, 'solver': 'adam'};0.2023587806608443;0.7906317101313572
{'activation': 'logistic', 'alpha': 5e-05, 'hidden_layer_sizes': (32, 64, 128, 64, 32), 'max_iter': 1000, 'solver': 'adam'};0.2019742152687815;0.7912952872698458
{'activation': 'tanh', 'alpha': 0.0001, 'hidden_layer_sizes': (15, 27, 40, 31, 12), 'max_iter': 1000, 'solver': 'adam'};0.20154486886415693;0.7913156114947576
{'activation': 'relu', 'alpha': 0.0005, 'hidden_layer_sizes': (64, 128, 64), 'max_iter': 2000, 'solver': 'adam'};0.18655296682045858;0.7925687862732613
{'activation': 'relu', 'alpha': 0.0005, 'hidden_layer_sizes': (32, 64, 32), 'max_iter': 1000, 'solver': 'adam'};0.20097377470733951;0.7933457674793163
{'activation': 'tanh', 'alpha': 0.0001, 'hidden_layer_sizes': (15, 27, 40, 31, 12), 'max_iter': 1000, 'solver': 'sgd'};0.22544767301898855;0.7941411720193534
{'activation': 'tanh', 'alpha': 0.0001, 'hidden_layer_sizes': (8, 16, 32, 16, 8), 'max_iter': 2000, 'solver': 'adam'};0.2056260488733944;0.7944668917536959
{'activation': 'relu', 'alpha': 0.0005, 'hidden_layer_sizes': (15, 27, 40, 31, 12), 'max_iter': 1000, 'solver': 'sgd'};0.22135843255989976;0.7962430462984422
{'activation': 'relu', 'alpha': 5e-05, 'hidden_layer_sizes': (32, 64, 32), 'max_iter': 1000, 'solver': 'adam'};0.19870406084670522;0.7969895459603645
{'activation': 'relu', 'alpha': 5e-05, 'hidden_layer_sizes': (64, 128, 64), 'max_iter': 2000, 'solver': 'adam'};0.19144639107110045;0.7994801075418253
{'activation': 'tanh', 'alpha': 5e-05, 'hidden_layer_sizes': (8, 16, 32, 16, 8), 'max_iter': 2000, 'solver': 'sgd'};0.22311868440302735;0.8008061019655118
{'activation': 'tanh', 'alpha': 0.0001, 'hidden_layer_sizes': (15, 27, 40, 31, 12), 'max_iter': 2000, 'solver': 'sgd'};0.22517075732132552;0.8061174385280806
{'activation': 'relu', 'alpha': 5e-05, 'hidden_layer_sizes': (8, 16, 32, 16, 8), 'max_iter': 1000, 'solver': 'adam'};0.1981064035699309;0.806244523669214
{'activation': 'logistic', 'alpha': 0.0005, 'hidden_layer_sizes': (64, 128, 64), 'max_iter': 1000, 'solver': 'adam'};0.20071717658549654;0.8071611418368667
{'activation': 'relu', 'alpha': 0.0001, 'hidden_layer_sizes': (64, 128, 64), 'max_iter': 2000, 'solver': 'sgd'};0.19776182594069058;0.8083183611328252
{'activation': 'tanh', 'alpha': 0.0001, 'hidden_layer_sizes': (32, 64, 128, 64, 32), 'max_iter': 1000, 'solver': 'sgd'};0.23054482857047126;0.8101012268778852
{'activation': 'logistic', 'alpha': 0.0001, 'hidden_layer_sizes': (64, 128, 64), 'max_iter': 2000, 'solver': 'adam'};0.19886784283612252;0.8117637997358476
{'activation': 'relu', 'alpha': 0.0005, 'hidden_layer_sizes': (15, 27, 40, 31, 12), 'max_iter': 2000, 'solver': 'adam'};0.19362159867054485;0.8143401489376799
{'activation': 'tanh', 'alpha': 0.0001, 'hidden_layer_sizes': (64, 128, 64), 'max_iter': 1000, 'solver': 'adam'};0.23328989321228702;0.8201604001635424
{'activation': 'logistic', 'alpha': 5e-05, 'hidden_layer_sizes': (64, 128, 64), 'max_iter': 2000, 'solver': 'adam'};0.19721515768402975;0.8222082315186725
{'activation': 'tanh', 'alpha': 0.0005, 'hidden_layer_sizes': (15, 27, 40, 31, 12), 'max_iter': 2000, 'solver': 'sgd'};0.21243889103626853;0.8226517563833111
{'activation': 'relu', 'alpha': 5e-05, 'hidden_layer_sizes': (64, 128, 64), 'max_iter': 1000, 'solver': 'adam'};0.1912899323423568;0.8235232672306083
{'activation': 'tanh', 'alpha': 5e-05, 'hidden_layer_sizes': (32, 64, 32), 'max_iter': 2000, 'solver': 'sgd'};0.23725401318209854;0.824083580072115
{'activation': 'relu', 'alpha': 0.0001, 'hidden_layer_sizes': (32, 64, 32), 'max_iter': 2000, 'solver': 'adam'};0.19108282041577682;0.8244274736704209
{'activation': 'relu', 'alpha': 5e-05, 'hidden_layer_sizes': (32, 64, 128, 64, 32), 'max_iter': 1000, 'solver': 'adam'};0.181584547122947;0.8266570381669002
{'activation': 'relu', 'alpha': 0.0001, 'hidden_layer_sizes': (32, 64, 32), 'max_iter': 1000, 'solver': 'adam'};0.19931460788266347;0.8269644961361052
{'activation': 'tanh', 'alpha': 0.0005, 'hidden_layer_sizes': (32, 64, 32), 'max_iter': 2000, 'solver': 'sgd'};0.23766337964970874;0.8287032690311115
{'activation': 'relu', 'alpha': 0.0005, 'hidden_layer_sizes': (15, 27, 40, 31, 12), 'max_iter': 2000, 'solver': 'sgd'};0.20897192732183162;0.8289794011042216
{'activation': 'tanh', 'alpha': 0.0005, 'hidden_layer_sizes': (8, 16, 32, 16, 8), 'max_iter': 2000, 'solver': 'adam'};0.19461106865352013;0.8309991152147882
{'activation': 'relu', 'alpha': 0.0005, 'hidden_layer_sizes': (32, 64, 32), 'max_iter': 1000, 'solver': 'sgd'};0.19957004818098473;0.8316359908544
{'activation': 'tanh', 'alpha': 0.0001, 'hidden_layer_sizes': (8, 16, 32, 16, 8), 'max_iter': 1000, 'solver': 'adam'};0.19162312628887349;0.8323079055262385
{'activation': 'relu', 'alpha': 0.0005, 'hidden_layer_sizes': (32, 64, 32), 'max_iter': 2000, 'solver': 'sgd'};0.21601329499630859;0.8325426332307988
{'activation': 'relu', 'alpha': 5e-05, 'hidden_layer_sizes': (8, 16, 32, 16, 8), 'max_iter': 2000, 'solver': 'adam'};0.19826837764487162;0.8330794542340678
{'activation': 'relu', 'alpha': 0.0005, 'hidden_layer_sizes': (8, 16, 32, 16, 8), 'max_iter': 1000, 'solver': 'sgd'};0.1846801749359573;0.8340472555028218
{'activation': 'relu', 'alpha': 5e-05, 'hidden_layer_sizes': (32, 64, 32), 'max_iter': 2000, 'solver': 'adam'};0.19666982327455654;0.8345729944969709
{'activation': 'relu', 'alpha': 0.0001, 'hidden_layer_sizes': (8, 16, 32, 16, 8), 'max_iter': 1000, 'solver': 'adam'};0.19206888399988417;0.8350443226075747
{'activation': 'relu', 'alpha': 0.0001, 'hidden_layer_sizes': (32, 64, 128, 64, 32), 'max_iter': 1000, 'solver': 'sgd'};0.21381061518674502;0.8353267350109173
{'activation': 'tanh', 'alpha': 0.0005, 'hidden_layer_sizes': (8, 16, 32, 16, 8), 'max_iter': 2000, 'solver': 'sgd'};0.2055036783902783;0.8355744938742597
{'activation': 'relu', 'alpha': 0.0005, 'hidden_layer_sizes': (32, 64, 128, 64, 32), 'max_iter': 1000, 'solver': 'adam'};0.1864287470362008;0.8365261606051799
{'activation': 'tanh', 'alpha': 0.0005, 'hidden_layer_sizes': (32, 64, 32), 'max_iter': 1000, 'solver': 'sgd'};0.2312509148178893;0.8374639900178558
{'activation': 'tanh', 'alpha': 5e-05, 'hidden_layer_sizes': (64, 128, 64), 'max_iter': 1000, 'solver': 'adam'};0.22113911509762924;0.8386461897529767
{'activation': 'tanh', 'alpha': 0.0001, 'hidden_layer_sizes': (64, 128, 64), 'max_iter': 2000, 'solver': 'adam'};0.21784594838717716;0.8396430287189119
{'activation': 'relu', 'alpha': 0.0001, 'hidden_layer_sizes': (8, 16, 32, 16, 8), 'max_iter': 2000, 'solver': 'sgd'};0.21012711688803817;0.8399533731177685
{'activation': 'tanh', 'alpha': 5e-05, 'hidden_layer_sizes': (8, 16, 32, 16, 8), 'max_iter': 1000, 'solver': 'adam'};0.17947248737642768;0.8401257339649824
{'activation': 'tanh', 'alpha': 0.0001, 'hidden_layer_sizes': (32, 64, 32), 'max_iter': 1000, 'solver': 'adam'};0.20329511093050182;0.8435129048951389
{'activation': 'relu', 'alpha': 0.0001, 'hidden_layer_sizes': (15, 27, 40, 31, 12), 'max_iter': 1000, 'solver': 'adam'};0.18337549842513656;0.8437515035874078
{'activation': 'tanh', 'alpha': 5e-05, 'hidden_layer_sizes': (64, 128, 64), 'max_iter': 2000, 'solver': 'adam'};0.2158109988487551;0.8449872196548684
{'activation': 'tanh', 'alpha': 0.0005, 'hidden_layer_sizes': (64, 128, 64), 'max_iter': 2000, 'solver': 'sgd'};0.22727199912100363;0.8450840689514847
{'activation': 'tanh', 'alpha': 0.0005, 'hidden_layer_sizes': (32, 64, 128, 64, 32), 'max_iter': 1000, 'solver': 'adam'};0.18797977947570504;0.8454994901199144
{'activation': 'tanh', 'alpha': 0.0001, 'hidden_layer_sizes': (64, 128, 64), 'max_iter': 2000, 'solver': 'sgd'};0.23709405992258095;0.8458421805726969
{'activation': 'tanh', 'alpha': 5e-05, 'hidden_layer_sizes': (8, 16, 32, 16, 8), 'max_iter': 2000, 'solver': 'adam'};0.19104366915913093;0.8461114822719719
{'activation': 'tanh', 'alpha': 0.0005, 'hidden_layer_sizes': (15, 27, 40, 31, 12), 'max_iter': 2000, 'solver': 'adam'};0.18798235980609088;0.8461694519032468
{'activation': 'relu', 'alpha': 0.0005, 'hidden_layer_sizes': (64, 128, 64), 'max_iter': 1000, 'solver': 'sgd'};0.20864185789421907;0.8487285941298073
{'activation': 'tanh', 'alpha': 0.0001, 'hidden_layer_sizes': (32, 64, 128, 64, 32), 'max_iter': 1000, 'solver': 'adam'};0.19668339759998704;0.849241866683488
{'activation': 'tanh', 'alpha': 0.0001, 'hidden_layer_sizes': (32, 64, 32), 'max_iter': 1000, 'solver': 'sgd'};0.2239150753881974;0.8494843751211075
{'activation': 'relu', 'alpha': 0.0001, 'hidden_layer_sizes': (32, 64, 128, 64, 32), 'max_iter': 2000, 'solver': 'adam'};0.18191378706752753;0.8530409808890888
{'activation': 'tanh', 'alpha': 0.0005, 'hidden_layer_sizes': (64, 128, 64), 'max_iter': 1000, 'solver': 'adam'};0.2087110604737652;0.853258086736728
{'activation': 'tanh', 'alpha': 5e-05, 'hidden_layer_sizes': (15, 27, 40, 31, 12), 'max_iter': 2000, 'solver': 'adam'};0.19160308339549115;0.8538205247188768
{'activation': 'tanh', 'alpha': 5e-05, 'hidden_layer_sizes': (8, 16, 32, 16, 8), 'max_iter': 1000, 'solver': 'sgd'};0.19616802321758567;0.8538396593621254
{'activation': 'relu', 'alpha': 0.0001, 'hidden_layer_sizes': (32, 64, 128, 64, 32), 'max_iter': 1000, 'solver': 'adam'};0.18114505563060532;0.8544999231714308
{'activation': 'relu', 'alpha': 0.0005, 'hidden_layer_sizes': (32, 64, 128, 64, 32), 'max_iter': 1000, 'solver': 'sgd'};0.1961537477723366;0.8555545730080658
{'activation': 'tanh', 'alpha': 5e-05, 'hidden_layer_sizes': (32, 64, 128, 64, 32), 'max_iter': 1000, 'solver': 'adam'};0.18604209946511033;0.8556260532206142
{'activation': 'relu', 'alpha': 5e-05, 'hidden_layer_sizes': (64, 128, 64), 'max_iter': 1000, 'solver': 'sgd'};0.2045845940996538;0.8560946630098372
{'activation': 'relu', 'alpha': 5e-05, 'hidden_layer_sizes': (15, 27, 40, 31, 12), 'max_iter': 2000, 'solver': 'sgd'};0.20720481143659403;0.8571588378232121
{'activation': 'relu', 'alpha': 5e-05, 'hidden_layer_sizes': (15, 27, 40, 31, 12), 'max_iter': 2000, 'solver': 'adam'};0.17902275549224247;0.8572278549624917
{'activation': 'relu', 'alpha': 5e-05, 'hidden_layer_sizes': (15, 27, 40, 31, 12), 'max_iter': 1000, 'solver': 'adam'};0.18098992232728267;0.8575705422193247
{'activation': 'tanh', 'alpha': 5e-05, 'hidden_layer_sizes': (15, 27, 40, 31, 12), 'max_iter': 1000, 'solver': 'adam'};0.17966589612077474;0.8595955796855541
{'activation': 'relu', 'alpha': 0.0005, 'hidden_layer_sizes': (32, 64, 32), 'max_iter': 2000, 'solver': 'adam'};0.18839155569334767;0.8616947726658271
{'activation': 'relu', 'alpha': 0.0005, 'hidden_layer_sizes': (8, 16, 32, 16, 8), 'max_iter': 2000, 'solver': 'adam'};0.18343591568898646;0.8618262362553415
{'activation': 'tanh', 'alpha': 5e-05, 'hidden_layer_sizes': (64, 128, 64), 'max_iter': 1000, 'solver': 'sgd'};0.21880935241706742;0.8623818333515132
{'activation': 'relu', 'alpha': 0.0005, 'hidden_layer_sizes': (15, 27, 40, 31, 12), 'max_iter': 1000, 'solver': 'adam'};0.1765799093519696;0.8628710969253983
{'activation': 'tanh', 'alpha': 5e-05, 'hidden_layer_sizes': (15, 27, 40, 31, 12), 'max_iter': 1000, 'solver': 'sgd'};0.19463396117978546;0.8647531396986796
{'activation': 'tanh', 'alpha': 0.0005, 'hidden_layer_sizes': (32, 64, 128, 64, 32), 'max_iter': 2000, 'solver': 'adam'};0.18539462767325982;0.8649836883738473
{'activation': 'tanh', 'alpha': 0.0005, 'hidden_layer_sizes': (64, 128, 64), 'max_iter': 2000, 'solver': 'adam'};0.20263696465976966;0.8652803615742035
{'activation': 'relu', 'alpha': 5e-05, 'hidden_layer_sizes': (32, 64, 128, 64, 32), 'max_iter': 2000, 'solver': 'sgd'};0.1963547683035094;0.8662829523130892
{'activation': 'tanh', 'alpha': 0.0005, 'hidden_layer_sizes': (32, 64, 32), 'max_iter': 1000, 'solver': 'adam'};0.18867247129752002;0.8666107169308759
{'activation': 'relu', 'alpha': 0.0005, 'hidden_layer_sizes': (32, 64, 128, 64, 32), 'max_iter': 2000, 'solver': 'sgd'};0.19619075694063406;0.8675064772310377
{'activation': 'relu', 'alpha': 5e-05, 'hidden_layer_sizes': (32, 64, 128, 64, 32), 'max_iter': 1000, 'solver': 'sgd'};0.2020468209549216;0.8678449699080956
{'activation': 'tanh', 'alpha': 0.0005, 'hidden_layer_sizes': (8, 16, 32, 16, 8), 'max_iter': 1000, 'solver': 'sgd'};0.1957345063755298;0.8681232768196327
{'activation': 'relu', 'alpha': 0.0005, 'hidden_layer_sizes': (32, 64, 128, 64, 32), 'max_iter': 2000, 'solver': 'adam'};0.17756490454939872;0.8682327573872529
{'activation': 'tanh', 'alpha': 0.0001, 'hidden_layer_sizes': (32, 64, 128, 64, 32), 'max_iter': 2000, 'solver': 'adam'};0.1795597141294494;0.8687946881665949
{'activation': 'tanh', 'alpha': 0.0005, 'hidden_layer_sizes': (15, 27, 40, 31, 12), 'max_iter': 1000, 'solver': 'adam'};0.17564668696440308;0.8690045462918651
{'activation': 'relu', 'alpha': 0.0001, 'hidden_layer_sizes': (32, 64, 32), 'max_iter': 2000, 'solver': 'sgd'};0.2028688203755708;0.8705848075152023
{'activation': 'relu', 'alpha': 0.0001, 'hidden_layer_sizes': (32, 64, 32), 'max_iter': 1000, 'solver': 'sgd'};0.20524527694285116;0.8713869870069354
{'activation': 'relu', 'alpha': 0.0005, 'hidden_layer_sizes': (64, 128, 64), 'max_iter': 2000, 'solver': 'sgd'};0.19777905185473438;0.8725732542265525
{'activation': 'tanh', 'alpha': 5e-05, 'hidden_layer_sizes': (32, 64, 128, 64, 32), 'max_iter': 2000, 'solver': 'adam'};0.17353323091276182;0.8727167305086265
{'activation': 'relu', 'alpha': 0.0001, 'hidden_layer_sizes': (15, 27, 40, 31, 12), 'max_iter': 1000, 'solver': 'sgd'};0.19744001798363392;0.8761632834729604
{'activation': 'relu', 'alpha': 5e-05, 'hidden_layer_sizes': (32, 64, 128, 64, 32), 'max_iter': 2000, 'solver': 'adam'};0.17238022879659196;0.8763029502508489
{'activation': 'relu', 'alpha': 5e-05, 'hidden_layer_sizes': (64, 128, 64), 'max_iter': 2000, 'solver': 'sgd'};0.2014090228513487;0.8768087463713525
{'activation': 'tanh', 'alpha': 0.0001, 'hidden_layer_sizes': (32, 64, 32), 'max_iter': 2000, 'solver': 'sgd'};0.20737496842006936;0.8773972169923125
{'activation': 'tanh', 'alpha': 0.0005, 'hidden_layer_sizes': (32, 64, 128, 64, 32), 'max_iter': 2000, 'solver': 'sgd'};0.19081633151500138;0.8786213261673396
{'activation': 'tanh', 'alpha': 0.0005, 'hidden_layer_sizes': (32, 64, 32), 'max_iter': 2000, 'solver': 'adam'};0.1821453805406037;0.8793766330885713
{'activation': 'tanh', 'alpha': 5e-05, 'hidden_layer_sizes': (32, 64, 128, 64, 32), 'max_iter': 1000, 'solver': 'sgd'};0.19110450369084275;0.8794967426844054
{'activation': 'relu', 'alpha': 0.0001, 'hidden_layer_sizes': (8, 16, 32, 16, 8), 'max_iter': 2000, 'solver': 'adam'};0.17214030084663795;0.8805844500198233
{'activation': 'relu', 'alpha': 0.0001, 'hidden_layer_sizes': (32, 64, 128, 64, 32), 'max_iter': 2000, 'solver': 'sgd'};0.18759267674610253;0.88119140628218
{'activation': 'tanh', 'alpha': 0.0001, 'hidden_layer_sizes': (64, 128, 64), 'max_iter': 1000, 'solver': 'sgd'};0.20697695523695253;0.8815888256625211
{'activation': 'relu', 'alpha': 0.0001, 'hidden_layer_sizes': (64, 128, 64), 'max_iter': 1000, 'solver': 'sgd'};0.1902098601907845;0.8816743741682667
{'activation': 'relu', 'alpha': 5e-05, 'hidden_layer_sizes': (32, 64, 32), 'max_iter': 2000, 'solver': 'sgd'};0.1903027491893309;0.8832600271975876
{'activation': 'relu', 'alpha': 0.0001, 'hidden_layer_sizes': (15, 27, 40, 31, 12), 'max_iter': 2000, 'solver': 'sgd'};0.19088464599021265;0.8833783454982449
{'activation': 'tanh', 'alpha': 0.0005, 'hidden_layer_sizes': (32, 64, 128, 64, 32), 'max_iter': 1000, 'solver': 'sgd'};0.1862823450046285;0.8842244660069223
{'activation': 'tanh', 'alpha': 0.0001, 'hidden_layer_sizes': (15, 27, 40, 31, 12), 'max_iter': 2000, 'solver': 'adam'};0.1670823670477753;0.8863795862893793
{'activation': 'tanh', 'alpha': 5e-05, 'hidden_layer_sizes': (64, 128, 64), 'max_iter': 2000, 'solver': 'sgd'};0.20189586790769906;0.8868558858043049
{'activation': 'tanh', 'alpha': 5e-05, 'hidden_layer_sizes': (15, 27, 40, 31, 12), 'max_iter': 2000, 'solver': 'sgd'};0.18820438417419508;0.890092637543044
{'activation': 'tanh', 'alpha': 5e-05, 'hidden_layer_sizes': (32, 64, 128, 64, 32), 'max_iter': 2000, 'solver': 'sgd'};0.18579308834108937;0.8906005138225372
{'activation': 'tanh', 'alpha': 0.0005, 'hidden_layer_sizes': (64, 128, 64), 'max_iter': 1000, 'solver': 'sgd'};0.1964531727587811;0.8912194589319975
{'activation': 'relu', 'alpha': 5e-05, 'hidden_layer_sizes': (32, 64, 32), 'max_iter': 1000, 'solver': 'sgd'};0.1879487008541372;0.8934392958568422
